method,selected_seeds,visual_entailment.accuracy.mean,visual_entailment.accuracy.seed_std,sugarcrepe.positive1_accuracy.mean,sugarcrepe.positive1_accuracy.seed_std,sugarcrepe.accuracy.mean,sugarcrepe.accuracy.seed_std,sugarcrepe_pp.positive1_accuracy.mean,sugarcrepe_pp.positive1_accuracy.seed_std,sugarcrepe_pp.positive2_accuracy.mean,sugarcrepe_pp.positive2_accuracy.seed_std,sugarcrepe_pp.both_accuracy.mean,sugarcrepe_pp.both_accuracy.seed_std,sugarcrepe_pp.accuracy.mean,sugarcrepe_pp.accuracy.seed_std,coco_karpathy.i2t.r1.mean,coco_karpathy.i2t.r1.seed_std,coco_karpathy.i2t.r5.mean,coco_karpathy.i2t.r5.seed_std,coco_karpathy.i2t.r10.mean,coco_karpathy.i2t.r10.seed_std,coco_karpathy.i2t.mean_rank.mean,coco_karpathy.i2t.mean_rank.seed_std,coco_karpathy.i2t.median_rank.mean,coco_karpathy.i2t.median_rank.seed_std,coco_karpathy.t2i.r1.mean,coco_karpathy.t2i.r1.seed_std,coco_karpathy.t2i.r5.mean,coco_karpathy.t2i.r5.seed_std,coco_karpathy.t2i.r10.mean,coco_karpathy.t2i.r10.seed_std,coco_karpathy.t2i.mean_rank.mean,coco_karpathy.t2i.mean_rank.seed_std,coco_karpathy.t2i.median_rank.mean,coco_karpathy.t2i.median_rank.seed_std
frozen,1,0.7947273164639607,,0.8121421914525363,,0.8121421914525363,,0.7946184570107211,,0.7500525541307547,,0.6895101955013664,,0.6895101955013664,,0.5632,,0.7982,,0.8712,,6.9402,,1.0,,0.39348,,0.65404,,0.7562,,17.9344,,2.0,
clip,3,0.8118467076478701,0.001420760323687605,0.8325566946256601,0.003036987904127384,0.8325566946256601,0.003036987904127384,0.8077920257865602,0.0028540973799195683,0.7248265713685096,0.009614964579381343,0.6740242449723214,0.008367392247538597,0.6740242449723214,0.008367392247538597,0.5585333333333333,0.005300314456080258,0.7959333333333335,0.0067002487516011925,0.8693333333333334,0.0004163331998932429,7.370066666666666,0.20753759498783222,1.0,0.0,0.3937733333333333,0.003213056696252556,0.6567066666666667,0.0017556005620109907,0.7591066666666667,0.0005460158727851916,17.563173333333335,0.06868634022375575,2.0,0.0
sanw_fixed,3,0.7956178455475439,0.0015424416183838967,0.8180002662761283,0.010146483229001529,0.8180002662761283,0.010146483229001529,0.7964403335435498,0.0031555827199769085,0.7374395627496321,0.021846341907532617,0.6799803797911849,0.016506124996802415,0.6799803797911849,0.016506124996802415,0.5432666666666667,0.03452554609753966,0.7782666666666667,0.03452554609753966,0.8574666666666667,0.02378683109061259,7.7241333333333335,1.3578123630801617,1.0,0.0,0.36860000000000004,0.04309342409231366,0.62664,0.0474581921273872,0.7319466666666666,0.042008005586237136,20.5682,4.5618754169749085,2.6666666666666665,1.1547005383792515
sanw_median,3,0.8265965778115093,0.0019404818735914038,0.8372609062264234,0.0017376090134870413,0.8372609062264234,0.0017376090134870413,0.8049891388129774,0.0018124191936623247,0.7336556653352954,0.000963333129063648,0.6800504519655245,0.0007282113969177432,0.6800504519655245,0.0007282113969177432,0.5397333333333333,0.004021608301828198,0.7793333333333333,0.003251666239535234,0.8583333333333334,0.00488808074128626,7.9632000000000005,0.16203937793018144,1.0,0.0,0.39208,0.0027296886269316417,0.6541733333333334,0.002166779484242278,0.75656,0.002298869287280143,17.74972,0.15280331410018522,2.0,0.0
constant,3,0.8215240574508292,0.002367494535228314,0.8366839746150091,0.002002979469470827,0.8366839746150091,0.002002979469470827,0.8084226753556162,0.001605555215106076,0.7360381192628407,0.005800350945715017,0.6836942050311822,0.0048227781676321805,0.6836942050311822,0.0048227781676321805,0.5520666666666667,0.0013613718571107841,0.7885333333333334,0.0017009801096230545,0.8654666666666667,0.0006429100507328562,7.524933333333333,0.032827021389905585,1.0,0.0,0.39394666666666667,0.00088030297814637,0.6562133333333332,0.0006379132647416631,0.7584799999999999,0.0005892367945062282,17.660853333333332,0.040274067752505,2.0,0.0
shuffled,3,0.8333926916597547,0.005715757439412638,0.8348644210713175,0.0035633609667857524,0.8348644210713175,0.0035633609667857524,0.8011351692243011,0.003096682754394815,0.7230747670100204,0.0015495301231515633,0.6689790484198724,0.0026284071660726016,0.6689790484198724,0.0026284071660726016,0.5226666666666667,0.002914332399252622,0.7663333333333333,0.006300264544710245,0.8483333333333333,0.006197849089267443,8.744,0.30139834107041813,1.0,0.0,0.38189333333333336,0.0012246360003418675,0.6441333333333333,0.0020428737928059066,0.7457600000000001,0.0018607525359380878,18.600786666666664,0.2088228965734675,3.0,0.0
multipositive,3,0.8699637721568751,0.003978431667811208,0.8339324546221097,0.0014665345619188303,0.8339324546221097,0.0014665345619188303,0.7967906944152476,0.0010580666295663848,0.7288907574802046,0.004872913923541062,0.6722724406138322,0.003383114765489005,0.6722724406138322,0.003383114765489005,0.47293333333333337,0.017786886555362428,0.7155999999999999,0.019664180633832698,0.8089333333333334,0.011953799953710645,10.8752,0.8651829633089174,2.0,0.0,0.3483866666666667,0.008870655744269021,0.6077466666666665,0.009598110925246352,0.7150400000000001,0.009387907115007048,20.898693333333334,0.983309362781284,3.0,0.0
grounded,3,0.8674101828336173,0.001681894594982744,0.8323791772067635,0.0031478073272631665,0.8323791772067635,0.0031478073272631665,0.795599467451475,0.0035819151900027013,0.7363884801345385,0.006975261729256708,0.6761264102025085,0.004539573775277254,0.6761264102025085,0.004539573775277254,0.47259999999999996,0.011656757696718246,0.7193333333333335,0.010507774899251185,0.8133333333333334,0.008144527815247021,10.632800000000001,0.5309663642830865,2.0,0.0,0.35270666666666667,0.0043543694530130805,0.6136266666666667,0.005754210052938073,0.7205466666666666,0.004215843134336632,20.501839999999998,0.423956339261486,3.0,0.0
grounded_no_hardening,3,0.8665955255094385,0.0043818138784921775,0.8339324546221097,0.0026671955267947418,0.8339324546221097,0.0026671955267947418,0.7972111274612851,0.003339290184974842,0.7363884801345385,0.0067760191134270285,0.6766169154228856,0.005159234849470924,0.6766169154228856,0.005159234849470924,0.4801333333333333,0.001501110699893022,0.7257999999999999,0.0021633307652783864,0.8179333333333333,0.0009018499505645904,10.307133333333333,0.1137995313405693,2.0,0.0,0.35388,0.0023279175243122304,0.6156266666666667,0.0033404989647256773,0.7218666666666667,0.0019038207198508199,20.29432,0.10941164106254998,3.0,0.0
grounded_no_abstention,3,0.8727581401981178,0.0033464659532462648,0.8333111436559713,0.0015976567700705657,0.8333111436559713,0.0015976567700705657,0.7972111274612851,0.001632847060154287,0.7292411183519025,0.004898541180462906,0.6730432345315674,0.0028385718030312095,0.6730432345315674,0.0028385718030312095,0.4725333333333333,0.01936216241366995,0.7160666666666667,0.019042408811212202,0.8087333333333334,0.01330313246319579,10.914666666666667,0.8646004009560339,2.0,0.0,0.3480666666666667,0.009218618840874864,0.6078,0.009638506108313658,0.7146266666666667,0.009766254826356601,20.90548,0.9954484062973828,3.0,0.0
pairwise_rank,3,0.7947273164639607,0.0,0.8121421914525363,0.0,0.8121421914525363,0.0,0.7946184570107211,0.0,0.7500525541307547,0.0,0.6895101955013664,0.0,0.6895101955013664,0.0,0.5632,0.0,0.7982,0.0,0.8712,0.0,6.9402,0.0,1.0,0.0,0.39348,0.0,0.65404,0.0,0.7562000000000001,1.3597399555105182e-16,17.9344,0.0,2.0,0.0
random_exclusion,3,0.862620704887004,0.0028287598515369257,0.8162250920871609,0.007020219175158398,0.8162250920871609,0.007020219175158398,0.7792726508303552,0.001668541924152545,0.7204120243851166,0.0045815629005051955,0.6593090883610119,0.005723657166747107,0.6593090883610119,0.005723657166747107,0.43426666666666663,0.012265942007580733,0.6784,0.007748548251124234,0.7780666666666667,0.008412688828985274,13.322333333333333,0.9112261921901361,2.0,0.0,0.29949333333333333,0.006451955775835213,0.5527866666666666,0.008315415403534162,0.6661066666666667,0.006320042193951949,26.34006666666667,0.24906075189265278,4.0,0.0
smoothing,3,0.7923237166007874,0.04851505276498434,0.8228376159410642,0.02184045977453518,0.8228376159410642,0.02184045977453518,0.8088431084016537,0.0018366396779597109,0.7055567234251279,0.05558720079193794,0.6596594492327097,0.04587779962458474,0.6596594492327097,0.04587779962458474,0.5384666666666665,0.02535060814523654,0.7794,0.018881737208212568,0.8571333333333334,0.017327819635872627,7.956266666666667,0.8968028620233841,1.0,0.0,0.37082666666666664,0.03149057848521257,0.6347466666666667,0.03366123784612405,0.7372133333333334,0.029112480714177075,19.849986666666666,3.220903954937703,2.3333333333333335,0.5773502691896258
