method,metric,mean_percent,sample_std_percentage_points,difference_vs_frozen_pp,difference_vs_source_clip_pp
frozen,i2t.r1,91.0,,0.0,
frozen,i2t.r5,97.75,,0.0,
frozen,i2t.r10,99.25,,0.0,
frozen,t2i.r1,80.15,,0.0,
frozen,t2i.r5,94.3,,0.0,
frozen,t2i.r10,96.7,,0.0,
clip,i2t.r1,90.16666666666667,0.14433756729740338,-0.8333333333333304,0.0
clip,i2t.r5,97.50000000000001,0.2500000000000002,-0.24999999999999467,0.0
clip,i2t.r10,99.08333333333333,0.14433756729740976,-0.16666666666667052,0.0
clip,t2i.r1,79.46666666666667,0.9291573243177578,-0.6833333333333247,0.0
clip,t2i.r5,94.21666666666665,0.14433756729740338,-0.08333333333333526,0.0
clip,t2i.r10,97.00000000000001,0.050000000000000044,0.30000000000001137,0.0
constant,i2t.r1,89.83333333333333,0.28867513459481314,-1.1666666666666714,-0.33333333333332993
constant,i2t.r5,97.41666666666667,0.28867513459481314,-0.33333333333332993,-0.08333333333333155
constant,i2t.r10,98.91666666666667,0.14433756729740338,-0.33333333333332993,-0.16666666666666682
constant,t2i.r1,79.73333333333333,0.16072751268321722,-0.4166666666666652,0.2666666666666632
constant,t2i.r5,94.28333333333333,0.05773502691896264,-0.01666666666666483,0.06666666666667043
constant,t2i.r10,96.96666666666665,0.11547005383792527,0.2666666666666595,-0.033333333333337066
grounded,i2t.r1,83.83333333333334,0.877971146071065,-7.166666666666666,-6.333333333333332
grounded,i2t.r5,94.91666666666667,1.0408329997330672,-2.833333333333332,-2.583333333333334
grounded,i2t.r10,98.33333333333334,0.38188130791298946,-0.9166666666666656,-0.7499999999999988
grounded,t2i.r1,73.21666666666667,0.5299371031861524,-6.933333333333335,-6.2500000000000036
grounded,t2i.r5,92.35000000000001,0.21794494717703514,-1.949999999999985,-1.866666666666661
grounded,t2i.r10,96.25,0.10000000000000009,-0.44999999999999485,-0.7499999999999988
grounded_no_abstention,i2t.r1,84.08333333333333,1.2829003598617215,-6.916666666666671,-6.083333333333333
grounded_no_abstention,i2t.r5,94.91666666666667,0.38188130791298946,-2.833333333333332,-2.5833333333333375
grounded_no_abstention,i2t.r10,98.08333333333333,0.5204164998665345,-1.1666666666666714,-1.0000000000000009
grounded_no_abstention,t2i.r1,73.21666666666667,0.8808140174482566,-6.933333333333335,-6.250000000000004
grounded_no_abstention,t2i.r5,92.11666666666667,0.9251126057585318,-2.183333333333326,-2.0999999999999943
grounded_no_abstention,t2i.r10,96.0,0.6244997998398404,-0.7000000000000006,-1.0000000000000047
grounded_no_hardening,i2t.r1,84.33333333333334,0.6291528696058933,-6.666666666666665,-5.833333333333331
grounded_no_hardening,i2t.r5,95.5,0.6614378277661503,-2.2499999999999964,-2.0000000000000018
grounded_no_hardening,i2t.r10,98.41666666666667,0.28867513459481314,-0.8333333333333304,-0.6666666666666635
grounded_no_hardening,t2i.r1,73.78333333333335,0.5033222956847171,-6.366666666666654,-5.683333333333333
grounded_no_hardening,t2i.r5,92.46666666666667,0.25166114784235855,-1.8333333333333313,-1.7499999999999922
grounded_no_hardening,t2i.r10,96.24999999999999,0.15000000000000013,-0.45000000000000595,-0.7500000000000026
multipositive,i2t.r1,84.0,0.8660254037844395,-7.000000000000006,-6.166666666666668
multipositive,i2t.r5,95.0,0.43301270189221647,-2.749999999999997,-2.500000000000002
multipositive,i2t.r10,98.16666666666666,0.38188130791298464,-1.0833333333333472,-0.9166666666666656
multipositive,t2i.r1,73.19999999999999,0.9526279441628865,-6.950000000000012,-6.266666666666668
multipositive,t2i.r5,92.13333333333334,0.9865765724632504,-2.16666666666665,-2.083333333333326
multipositive,t2i.r10,96.03333333333333,0.6658328118479397,-0.6666666666666599,-0.9666666666666712
pairwise_rank,i2t.r1,91.0,0.0,0.0,0.8333333333333378
pairwise_rank,i2t.r5,97.75,0.0,0.0,0.25000000000000205
pairwise_rank,i2t.r10,99.25,0.0,0.0,0.16666666666667052
pairwise_rank,t2i.r1,80.15,0.0,0.0,0.6833333333333284
pairwise_rank,t2i.r5,94.3,0.0,0.0,0.08333333333333155
pairwise_rank,t2i.r10,96.7,0.0,0.0,-0.300000000000004
random_exclusion,i2t.r1,81.91666666666667,1.3768926368215237,-9.083333333333332,-8.249999999999998
random_exclusion,i2t.r5,94.58333333333333,0.8036375634160792,-3.166666666666673,-2.9166666666666714
random_exclusion,i2t.r10,96.83333333333334,0.38188130791298946,-2.416666666666667,-2.25
random_exclusion,t2i.r1,65.38333333333334,1.2189476335484364,-14.766666666666662,-14.083333333333336
random_exclusion,t2i.r5,88.16666666666667,0.5131601439446889,-6.133333333333324,-6.049999999999996
random_exclusion,t2i.r10,93.44999999999999,0.6499999999999959,-3.2500000000000084,-3.5500000000000007
sanw_fixed,i2t.r1,89.58333333333334,2.4537386440559086,-1.416666666666666,-0.5833333333333283
sanw_fixed,i2t.r5,97.08333333333333,1.1547005383792524,-0.666666666666671,-0.4166666666666652
sanw_fixed,i2t.r10,99.00000000000001,0.4330127018922229,-0.24999999999999467,-0.08333333333333155
sanw_fixed,t2i.r1,76.44999999999999,6.408587988004845,-3.7000000000000033,-3.0166666666666715
sanw_fixed,t2i.r5,92.95,2.338268590217983,-1.3499999999999956,-1.2666666666666677
sanw_fixed,t2i.r10,95.96666666666667,1.2701705922171778,-0.7333333333333303,-1.0333333333333379
sanw_median,i2t.r1,89.16666666666667,0.28867513459481314,-1.8333333333333313,-0.9999999999999972
sanw_median,i2t.r5,96.83333333333334,0.38188130791298946,-0.9166666666666656,-0.6666666666666673
sanw_median,i2t.r10,98.75000000000001,0.2500000000000002,-0.49999999999998934,-0.33333333333333365
sanw_median,t2i.r1,79.13333333333334,0.5107184482014878,-1.0166666666666657,-0.3333333333333373
sanw_median,t2i.r5,94.16666666666667,0.02886751345947811,-0.13333333333331865,-0.04999999999999819
sanw_median,t2i.r10,97.03333333333333,0.12583057392118221,0.33333333333334103,0.03333333333333336
shuffled,i2t.r1,86.66666666666667,0.5204164998665345,-4.333333333333334,-3.499999999999996
shuffled,i2t.r5,96.66666666666669,0.3818813079129846,-1.083333333333325,-0.833333333333334
shuffled,i2t.r10,98.0,0.2500000000000002,-1.2500000000000067,-1.0833333333333324
shuffled,t2i.r1,77.20000000000002,0.4582575694955844,-2.949999999999986,-2.266666666666669
shuffled,t2i.r5,93.41666666666667,0.11547005383792527,-0.8833333333333249,-0.799999999999997
shuffled,t2i.r10,96.61666666666666,0.14433756729740338,-0.08333333333333526,-0.3833333333333355
smoothing,i2t.r1,89.5,2.222048604328896,-1.5000000000000013,-0.6666666666666673
smoothing,i2t.r5,97.66666666666667,0.38188130791298464,-0.08333333333333526,0.16666666666666682
smoothing,i2t.r10,98.75000000000001,1.3597399555105182e-14,-0.49999999999998934,-0.33333333333332993
smoothing,t2i.r1,77.45,3.509629610087083,-2.6999999999999913,-2.0166666666666706
smoothing,t2i.r5,93.31666666666666,1.4002975874196613,-0.983333333333325,-0.8999999999999971
smoothing,t2i.r10,96.13333333333333,1.0727690027836105,-0.5666666666666709,-0.8666666666666675
