condition,learning_rate,epoch,direction,recall_at_1_percent,averaging
source,0.0001,1,i2t,84.76666666666665,"equal assignment draws within training seed, then equal training seeds"
source,0.0001,1,t2i,69.80666666666666,"equal assignment draws within training seed, then equal training seeds"
supported,0.0001,1,i2t,78.00000000000001,"equal assignment draws within training seed, then equal training seeds"
supported,0.0001,1,t2i,69.74000000000001,"equal assignment draws within training seed, then equal training seeds"
count_only,0.0001,1,i2t,79.56666666666669,"equal assignment draws within training seed, then equal training seeds"
count_only,0.0001,1,t2i,70.05777777777777,"equal assignment draws within training seed, then equal training seeds"
score_stratified,0.0001,1,i2t,79.36666666666666,"equal assignment draws within training seed, then equal training seeds"
score_stratified,0.0001,1,t2i,70.06000000000002,"equal assignment draws within training seed, then equal training seeds"
source,0.0001,5,i2t,84.13333333333334,"equal assignment draws within training seed, then equal training seeds"
source,0.0001,5,t2i,67.89333333333333,"equal assignment draws within training seed, then equal training seeds"
supported,0.0001,5,i2t,78.10000000000001,"equal assignment draws within training seed, then equal training seeds"
supported,0.0001,5,t2i,67.72666666666667,"equal assignment draws within training seed, then equal training seeds"
count_only,0.0001,5,i2t,79.43333333333334,"equal assignment draws within training seed, then equal training seeds"
count_only,0.0001,5,t2i,66.4,"equal assignment draws within training seed, then equal training seeds"
score_stratified,0.0001,5,i2t,79.91111111111111,"equal assignment draws within training seed, then equal training seeds"
score_stratified,0.0001,5,t2i,66.89333333333335,"equal assignment draws within training seed, then equal training seeds"
source,0.0001,10,i2t,84.7,"equal assignment draws within training seed, then equal training seeds"
source,0.0001,10,t2i,65.97333333333334,"equal assignment draws within training seed, then equal training seeds"
supported,0.0001,10,i2t,78.7,"equal assignment draws within training seed, then equal training seeds"
supported,0.0001,10,t2i,66.09333333333333,"equal assignment draws within training seed, then equal training seeds"
count_only,0.0001,10,i2t,79.67777777777778,"equal assignment draws within training seed, then equal training seeds"
count_only,0.0001,10,t2i,64.28222222222222,"equal assignment draws within training seed, then equal training seeds"
score_stratified,0.0001,10,i2t,79.44444444444446,"equal assignment draws within training seed, then equal training seeds"
score_stratified,0.0001,10,t2i,64.55333333333333,"equal assignment draws within training seed, then equal training seeds"
source,0.0003,1,i2t,83.0,"equal assignment draws within training seed, then equal training seeds"
source,0.0003,1,t2i,67.56666666666668,"equal assignment draws within training seed, then equal training seeds"
supported,0.0003,1,i2t,76.5,"equal assignment draws within training seed, then equal training seeds"
supported,0.0003,1,t2i,66.82666666666667,"equal assignment draws within training seed, then equal training seeds"
count_only,0.0003,1,i2t,77.72222222222223,"equal assignment draws within training seed, then equal training seeds"
count_only,0.0003,1,t2i,66.52444444444447,"equal assignment draws within training seed, then equal training seeds"
score_stratified,0.0003,1,i2t,78.0888888888889,"equal assignment draws within training seed, then equal training seeds"
score_stratified,0.0003,1,t2i,67.06444444444445,"equal assignment draws within training seed, then equal training seeds"
source,0.0003,5,i2t,82.6,"equal assignment draws within training seed, then equal training seeds"
source,0.0003,5,t2i,64.24,"equal assignment draws within training seed, then equal training seeds"
supported,0.0003,5,i2t,78.2,"equal assignment draws within training seed, then equal training seeds"
supported,0.0003,5,t2i,63.63333333333333,"equal assignment draws within training seed, then equal training seeds"
count_only,0.0003,5,i2t,78.64444444444445,"equal assignment draws within training seed, then equal training seeds"
count_only,0.0003,5,t2i,61.08,"equal assignment draws within training seed, then equal training seeds"
score_stratified,0.0003,5,i2t,79.17777777777778,"equal assignment draws within training seed, then equal training seeds"
score_stratified,0.0003,5,t2i,61.67333333333333,"equal assignment draws within training seed, then equal training seeds"
source,0.0003,10,i2t,81.53333333333333,"equal assignment draws within training seed, then equal training seeds"
source,0.0003,10,t2i,62.980000000000004,"equal assignment draws within training seed, then equal training seeds"
supported,0.0003,10,i2t,74.39999999999999,"equal assignment draws within training seed, then equal training seeds"
supported,0.0003,10,t2i,61.660000000000004,"equal assignment draws within training seed, then equal training seeds"
count_only,0.0003,10,i2t,73.07777777777777,"equal assignment draws within training seed, then equal training seeds"
count_only,0.0003,10,t2i,56.822222222222216,"equal assignment draws within training seed, then equal training seeds"
score_stratified,0.0003,10,i2t,74.27777777777779,"equal assignment draws within training seed, then equal training seeds"
score_stratified,0.0003,10,t2i,57.84,"equal assignment draws within training seed, then equal training seeds"
source,0.001,1,i2t,74.06666666666666,"equal assignment draws within training seed, then equal training seeds"
source,0.001,1,t2i,50.36000000000001,"equal assignment draws within training seed, then equal training seeds"
supported,0.001,1,i2t,70.73333333333332,"equal assignment draws within training seed, then equal training seeds"
supported,0.001,1,t2i,49.846666666666664,"equal assignment draws within training seed, then equal training seeds"
count_only,0.001,1,i2t,70.9888888888889,"equal assignment draws within training seed, then equal training seeds"
count_only,0.001,1,t2i,40.54666666666667,"equal assignment draws within training seed, then equal training seeds"
score_stratified,0.001,1,i2t,71.6,"equal assignment draws within training seed, then equal training seeds"
score_stratified,0.001,1,t2i,43.16666666666667,"equal assignment draws within training seed, then equal training seeds"
source,0.001,5,i2t,75.53333333333333,"equal assignment draws within training seed, then equal training seeds"
source,0.001,5,t2i,54.14666666666667,"equal assignment draws within training seed, then equal training seeds"
supported,0.001,5,i2t,70.5,"equal assignment draws within training seed, then equal training seeds"
supported,0.001,5,t2i,54.50666666666666,"equal assignment draws within training seed, then equal training seeds"
count_only,0.001,5,i2t,69.92222222222222,"equal assignment draws within training seed, then equal training seeds"
count_only,0.001,5,t2i,50.17555555555556,"equal assignment draws within training seed, then equal training seeds"
score_stratified,0.001,5,i2t,70.55555555555554,"equal assignment draws within training seed, then equal training seeds"
score_stratified,0.001,5,t2i,51.11333333333333,"equal assignment draws within training seed, then equal training seeds"
source,0.001,10,i2t,75.96666666666665,"equal assignment draws within training seed, then equal training seeds"
source,0.001,10,t2i,54.10666666666667,"equal assignment draws within training seed, then equal training seeds"
supported,0.001,10,i2t,65.13333333333334,"equal assignment draws within training seed, then equal training seeds"
supported,0.001,10,t2i,52.206666666666656,"equal assignment draws within training seed, then equal training seeds"
count_only,0.001,10,i2t,61.34444444444445,"equal assignment draws within training seed, then equal training seeds"
count_only,0.001,10,t2i,45.16888888888889,"equal assignment draws within training seed, then equal training seeds"
score_stratified,0.001,10,i2t,64.91111111111111,"equal assignment draws within training seed, then equal training seeds"
score_stratified,0.001,10,t2i,48.12222222222223,"equal assignment draws within training seed, then equal training seeds"
