effect_id,learning_rate,epoch,direction,comparator,difference_percentage_points,ci_lower_percentage_points,ci_upper_percentage_points,confidence,family_size,bootstrap_replicates,bootstrap_seed
supported_minus_source__lr_0.0001__i2t_r1,0.0001,10,i2t,source,-6.0,-9.037083333333332,-3.0629166666666907,0.9972222222222222,18,10000,20261004
supported_minus_source__lr_0.0001__t2i_r1,0.0001,10,t2i,source,0.11999999999999997,-1.0866666666666664,1.3222499999999855,0.9972222222222222,18,10000,20261004
supported_minus_count_only__lr_0.0001__i2t_r1,0.0001,10,i2t,count_only,-0.9777777777777776,-3.388888888888888,1.37902777777777,0.9972222222222222,18,10000,20261004
supported_minus_count_only__lr_0.0001__t2i_r1,0.0001,10,t2i,count_only,1.8111111111111113,0.6308611111111114,2.9945833333333254,0.9972222222222222,18,10000,20261004
supported_minus_score_stratified__lr_0.0001__i2t_r1,0.0001,10,i2t,score_stratified,-0.7444444444444439,-3.0012499999999993,1.4358333333333175,0.9972222222222222,18,10000,20261004
supported_minus_score_stratified__lr_0.0001__t2i_r1,0.0001,10,t2i,score_stratified,1.5400000000000003,0.5039444444444446,2.583222222222216,0.9972222222222222,18,10000,20261004
supported_minus_source__lr_0.0003__i2t_r1,0.0003,10,i2t,source,-7.133333333333333,-10.366666666666665,-3.796250000000024,0.9972222222222222,18,10000,20261004
supported_minus_source__lr_0.0003__t2i_r1,0.0003,10,t2i,source,-1.32,-2.954833333333333,0.38149999999999046,0.9972222222222222,18,10000,20261004
supported_minus_count_only__lr_0.0003__i2t_r1,0.0003,10,i2t,count_only,1.3222222222222233,-1.729722222222221,4.113611111111096,0.9972222222222222,18,10000,20261004
supported_minus_count_only__lr_0.0003__t2i_r1,0.0003,10,t2i,count_only,4.837777777777779,3.331555555555557,6.376305555555552,0.9972222222222222,18,10000,20261004
supported_minus_score_stratified__lr_0.0003__i2t_r1,0.0003,10,i2t,score_stratified,0.122222222222223,-2.659305555555555,2.8148611111110875,0.9972222222222222,18,10000,20261004
supported_minus_score_stratified__lr_0.0003__t2i_r1,0.0003,10,t2i,score_stratified,3.8200000000000003,2.4120833333333347,5.1977777777777785,0.9972222222222222,18,10000,20261004
supported_minus_source__lr_0.001__i2t_r1,0.001,10,i2t,source,-10.833333333333334,-14.34083333333333,-7.329583333333358,0.9972222222222222,18,10000,20261004
supported_minus_source__lr_0.001__t2i_r1,0.001,10,t2i,source,-1.9,-3.9615000000000005,0.1481666666666571,0.9972222222222222,18,10000,20261004
supported_minus_count_only__lr_0.001__i2t_r1,0.001,10,i2t,count_only,3.78888888888889,0.7172222222222234,6.9222222222222225,0.9972222222222222,18,10000,20261004
supported_minus_count_only__lr_0.001__t2i_r1,0.001,10,t2i,count_only,7.037777777777779,5.1631944444444455,8.831666666666635,0.9972222222222222,18,10000,20261004
supported_minus_score_stratified__lr_0.001__i2t_r1,0.001,10,i2t,score_stratified,0.2222222222222234,-2.591388888888888,3.0247222222222074,0.9972222222222222,18,10000,20261004
supported_minus_score_stratified__lr_0.001__t2i_r1,0.001,10,t2i,score_stratified,4.084444444444445,2.4263888888888903,5.803749999999977,0.9972222222222222,18,10000,20261004
